N11,0,INIT_B_0
N10,0,DONE_0
AM11,0,M1_0
AL10,0,M2_0
P10,0,HSWAPEN_0
M11,0,PROGRAM_B_0
AL11,0,M0_0
Y21,0,AVSS_0
Y22,0,AVDD_0
AA22,0,VP_0
AB22,0,VREFP_0
AB21,0,VN_0
AA21,0,VREFN_0
AC22,0,DXP_0
AC21,0,DXN_0
R10,0,VBATT_0
L10,0,DIN_0
J10,0,RDWR_B_0
T10,0,CSI_B_0
AK10,0,DOUT_BUSY_0
K10,0,CCLK_0
AR10,0,TDO_0
AN10,0,TCK_0
AN11,0,TMS_0
AP10,0,TDI_0
AH10,0,VFS_0
AT37,12,IO_L0P_12
AR38,12,IO_L0N_12
AV39,12,IO_L1P_12
AV38,12,IO_L1N_12
AP37,12,IO_L2P_12
AR37,12,IO_L2N_12
AY39,12,IO_L3P_12
BA39,12,IO_L3N_12
AU37,12,IO_L4P_12
AU38,12,IO_L4N_VREF_12
AY38,12,IO_L5P_12
AY37,12,IO_L5N_12
AU36,12,IO_L6P_12
AT36,12,IO_L6N_12
BB39,12,IO_L7P_12
BB38,12,IO_L7N_12
AW37,12,IO_L8P_SRCC_12
AW38,12,IO_L8N_SRCC_12
AN35,12,IO_L9P_MRCC_12
AN36,12,IO_L9N_MRCC_12
AP36,12,IO_L10P_MRCC_12
AP35,12,IO_L10N_MRCC_12
BA37,12,IO_L11P_SRCC_12
BB37,12,IO_L11N_SRCC_12
AR35,12,IO_L12P_VRN_12
AT35,12,IO_L12N_VRP_12
BB36,12,IO_L13P_12
BA36,12,IO_L13N_12
AW36,12,IO_L14P_12
AV36,12,IO_L14N_VREF_12
BB34,12,IO_L15P_12
BA34,12,IO_L15N_12
AU34,12,IO_L16P_12
AT34,12,IO_L16N_12
BA35,12,IO_L17P_12
AY35,12,IO_L17N_12
AV34,12,IO_L18P_12
AV35,12,IO_L18N_12
AY34,12,IO_L19P_12
AW35,12,IO_L19N_12
AN40,13,IO_L0P_13
AP40,13,IO_L0N_13
AN41,13,IO_L1P_13
AP41,13,IO_L1N_13
AN39,13,IO_L2P_13
AM39,13,IO_L2N_13
AP42,13,IO_L3P_13
AR42,13,IO_L3N_13
AL37,13,IO_L4P_13
AM38,13,IO_L4N_VREF_13
AT42,13,IO_L5P_13
AU42,13,IO_L5N_13
AM34,13,IO_L6P_13
AL35,13,IO_L6N_13
AW42,13,IO_L7P_13
AW41,13,IO_L7N_13
AR40,13,IO_L8P_SRCC_13
AT41,13,IO_L8N_SRCC_13
AL34,13,IO_L9P_MRCC_13
AK34,13,IO_L9N_MRCC_13
AT40,13,IO_L10P_MRCC_13
AU39,13,IO_L10N_MRCC_13
AV41,13,IO_L11P_SRCC_13
AU41,13,IO_L11N_SRCC_13
AN38,13,IO_L12P_VRN_13
AP38,13,IO_L12N_VRP_13
AY42,13,IO_L13P_13
BA42,13,IO_L13N_13
AR39,13,IO_L14P_13
AT39,13,IO_L14N_VREF_13
BA41,13,IO_L15P_13
BB41,13,IO_L15N_13
AM37,13,IO_L16P_13
AM36,13,IO_L16N_13
BA40,13,IO_L17P_13
AY40,13,IO_L17N_13
AK35,13,IO_L18P_13
AL36,13,IO_L18N_13
AV40,13,IO_L19P_13
AW40,13,IO_L19N_13
AG34,14,IO_L0P_14
AF34,14,IO_L0N_14
AF40,14,IO_L1P_14
AG41,14,IO_L1N_14
AF39,14,IO_L2P_14
AG39,14,IO_L2N_14
AG42,14,IO_L3P_14
AH41,14,IO_L3N_14
AG38,14,IO_L4P_14
AH38,14,IO_L4N_VREF_14
AH40,14,IO_L5P_14
AJ41,14,IO_L5N_14
AF37,14,IO_L6P_14
AG37,14,IO_L6N_14
AJ42,14,IO_L7P_14
AK42,14,IO_L7N_14
AK38,14,IO_L8P_SRCC_14
AJ38,14,IO_L8N_SRCC_14
AH34,14,IO_L9P_MRCC_14
AJ35,14,IO_L9N_MRCC_14
AJ37,14,IO_L10P_MRCC_14
AK37,14,IO_L10N_MRCC_14
AH39,14,IO_L11P_SRCC_14
AJ40,14,IO_L11N_SRCC_14
AJ36,14,IO_L12P_VRN_14
AH35,14,IO_L12N_VRP_14
AL42,14,IO_L13P_14
AM42,14,IO_L13N_14
AG36,14,IO_L14P_14
AH36,14,IO_L14N_VREF_14
AL41,14,IO_L15P_14
AM41,14,IO_L15N_14
AF35,14,IO_L16P_14
AF36,14,IO_L16N_14
AK40,14,IO_L17P_14
AL40,14,IO_L17N_14
AF32,14,IO_L18P_14
AG33,14,IO_L18N_14
AK39,14,IO_L19P_14
AL39,14,IO_L19N_14
AE34,15,IO_L0P_15
AE35,15,IO_L0N_15
AB37,15,IO_L1P_15
AB38,15,IO_L1N_15
AE33,15,IO_L2P_SM8P_15
AD33,15,IO_L2N_SM8N_15
AB39,15,IO_L3P_SM9P_15
AA40,15,IO_L3N_SM9N_15
AC38,15,IO_L4P_15
AC39,15,IO_L4N_VREF_15
AA41,15,IO_L5P_SM10P_15
AB41,15,IO_L5N_SM10N_15
AE38,15,IO_L6P_SM11P_15
AD38,15,IO_L6N_SM11N_15
AA42,15,IO_L7P_SM12P_15
AB42,15,IO_L7N_SM12N_15
AC36,15,IO_L8P_SRCC_15
AB36,15,IO_L8N_SRCC_15
AD32,15,IO_L9P_MRCC_15
AE32,15,IO_L9N_MRCC_15
AE37,15,IO_L10P_MRCC_15
AD37,15,IO_L10N_MRCC_15
AC41,15,IO_L11P_SRCC_15
AD41,15,IO_L11N_SRCC_15
AB32,15,IO_L12P_SM13P_15
AB33,15,IO_L12N_SM13N_15
AC40,15,IO_L13P_SM14P_15
AD40,15,IO_L13N_SM14N_15
AD36,15,IO_L14P_15
AD35,15,IO_L14N_VREF_15
AD42,15,IO_L15P_SM15P_15
AE42,15,IO_L15N_SM15N_15
AC35,15,IO_L16P_VRN_15
AB34,15,IO_L16N_VRP_15
AF42,15,IO_L17P_15
AF41,15,IO_L17N_15
AC34,15,IO_L18P_15
AC33,15,IO_L18N_15
AE40,15,IO_L19P_15
AE39,15,IO_L19N_15
W37,16,IO_L0P_16
Y37,16,IO_L0N_16
U37,16,IO_L1P_16
U38,16,IO_L1N_16
W36,16,IO_L2P_16
V36,16,IO_L2N_16
U42,16,IO_L3P_16
U41,16,IO_L3N_16
AA36,16,IO_L4P_16
AA37,16,IO_L4N_VREF_16
U39,16,IO_L5P_16
V39,16,IO_L5N_16
W35,16,IO_L6P_16
V35,16,IO_L6N_16
V38,16,IO_L7P_16
W38,16,IO_L7N_16
AA35,16,IO_L8P_SRCC_16
Y35,16,IO_L8N_SRCC_16
W32,16,IO_L9P_MRCC_16
Y33,16,IO_L9N_MRCC_16
V34,16,IO_L10P_MRCC_16
U34,16,IO_L10N_MRCC_16
V40,16,IO_L11P_SRCC_16
W40,16,IO_L11N_SRCC_16
AA32,16,IO_L12P_VRN_16
Y32,16,IO_L12N_VRP_16
V41,16,IO_L13P_16
W41,16,IO_L13N_16
AA34,16,IO_L14P_16
Y34,16,IO_L14N_VREF_16
W42,16,IO_L15P_16
Y42,16,IO_L15N_16
U32,16,IO_L16P_16
U33,16,IO_L16N_16
Y40,16,IO_L17P_16
Y39,16,IO_L17N_16
V33,16,IO_L18P_16
W33,16,IO_L18N_16
Y38,16,IO_L19P_16
AA39,16,IO_L19N_16
M36,17,IO_L0P_17
M37,17,IO_L0N_17
L39,17,IO_L1P_17
L40,17,IO_L1N_17
M38,17,IO_L2P_17
M39,17,IO_L2N_17
L41,17,IO_L3P_17
L42,17,IO_L3N_17
N35,17,IO_L4P_17
N34,17,IO_L4N_VREF_17
N38,17,IO_L5P_17
N39,17,IO_L5N_17
N36,17,IO_L6P_17
P37,17,IO_L6N_17
M41,17,IO_L7P_17
M42,17,IO_L7N_17
R39,17,IO_L8P_SRCC_17
P38,17,IO_L8N_SRCC_17
P36,17,IO_L9P_MRCC_17
P35,17,IO_L9N_MRCC_17
T39,17,IO_L10P_MRCC_17
R38,17,IO_L10N_MRCC_17
N40,17,IO_L11P_SRCC_17
N41,17,IO_L11N_SRCC_17
R37,17,IO_L12P_VRN_17
T37,17,IO_L12N_VRP_17
P40,17,IO_L13P_17
P41,17,IO_L13N_17
R35,17,IO_L14P_17
R34,17,IO_L14N_VREF_17
P42,17,IO_L15P_17
R42,17,IO_L15N_17
U36,17,IO_L16P_17
T36,17,IO_L16N_17
R40,17,IO_L17P_17
T40,17,IO_L17N_17
T34,17,IO_L18P_17
T35,17,IO_L18N_17
T41,17,IO_L19P_17
T42,17,IO_L19N_17
AT26,21,IO_L0P_21
AU27,21,IO_L0N_21
AK22,21,IO_L1P_21
AJ22,21,IO_L1N_21
AY27,21,IO_L2P_21
AW27,21,IO_L2N_21
AM22,21,IO_L3P_21
AL22,21,IO_L3N_21
BA26,21,IO_L4P_21
BA27,21,IO_L4N_VREF_21
AJ23,21,IO_L5P_21
AK23,21,IO_L5N_21
BB26,21,IO_L6P_21
BB27,21,IO_L6N_21
AM23,21,IO_L7P_21
AN23,21,IO_L7N_21
AU23,21,IO_L8P_SRCC_21
AU24,21,IO_L8N_SRCC_21
AP25,21,IO_L9P_MRCC_21
AP26,21,IO_L9N_MRCC_21
AK24,21,IO_L10P_MRCC_21
AL25,21,IO_L10N_MRCC_21
AP23,21,IO_L11P_SRCC_21
AR23,21,IO_L11N_SRCC_21
AV24,21,IO_L12P_VRN_21
AV25,21,IO_L12N_VRP_21
AM24,21,IO_L13P_21
AL24,21,IO_L13N_21
BA25,21,IO_L14P_21
AY25,21,IO_L14N_VREF_21
AN24,21,IO_L15P_21
AN25,21,IO_L15N_21
AV26,21,IO_L16P_21
AU26,21,IO_L16N_21
AR24,21,IO_L17P_21
AT24,21,IO_L17N_21
AW25,21,IO_L18P_21
AW26,21,IO_L18N_21
AT25,21,IO_L19P_21
AR25,21,IO_L19N_21
AW30,22,IO_L0P_22
AV30,22,IO_L0N_22
AN26,22,IO_L1P_22
AP27,22,IO_L1N_22
AW31,22,IO_L2P_22
AV31,22,IO_L2N_22
AR28,22,IO_L3P_22
AP28,22,IO_L3N_22
AY32,22,IO_L4P_22
AW32,22,IO_L4N_VREF_22
AT29,22,IO_L5P_22
AR29,22,IO_L5N_22
BA32,22,IO_L6P_22
AY33,22,IO_L6N_22
AT30,22,IO_L7P_22
AR30,22,IO_L7N_22
BA30,22,IO_L8P_SRCC_22
AY30,22,IO_L8N_SRCC_22
AM26,22,IO_L9P_MRCC_22
AL26,22,IO_L9N_MRCC_22
AN28,22,IO_L10P_MRCC_22
AM27,22,IO_L10N_MRCC_22
AR27,22,IO_L11P_SRCC_22
AT27,22,IO_L11N_SRCC_22
AY29,22,IO_L12P_VRN_22
BA29,22,IO_L12N_VRP_22
AT31,22,IO_L13P_22
AU31,22,IO_L13N_22
BB33,22,IO_L14P_22
BB32,22,IO_L14N_VREF_22
AU29,22,IO_L15P_22
AV29,22,IO_L15N_22
BA31,22,IO_L16P_22
BB31,22,IO_L16N_22
AU28,22,IO_L17P_22
AV28,22,IO_L17N_22
BB29,22,IO_L18P_22
BB28,22,IO_L18N_22
AW28,22,IO_L19P_22
AY28,22,IO_L19N_22
AP30,23,IO_L0P_23
AN30,23,IO_L0N_23
AM31,23,IO_L1P_23
AL31,23,IO_L1N_23
AL29,23,IO_L2P_23
AL30,23,IO_L2N_23
AM33,23,IO_L3P_23
AM32,23,IO_L3N_23
AN29,23,IO_L4P_23
AM29,23,IO_L4N_VREF_23
AN33,23,IO_L5P_23
AN34,23,IO_L5N_23
AL27,23,IO_L6P_23
AM28,23,IO_L6N_23
AP31,23,IO_L7P_23
AN31,23,IO_L7N_23
AK28,23,IO_L8P_SRCC_23
AK29,23,IO_L8N_SRCC_23
AJ25,23,IO_L9P_MRCC_23
AK25,23,IO_L9N_MRCC_23
AH24,23,IO_L10P_MRCC_23
AH25,23,IO_L10N_MRCC_23
AR34,23,IO_L11P_SRCC_23
AP33,23,IO_L11N_SRCC_23
AH28,23,IO_L12P_VRN_23
AJ28,23,IO_L12N_VRP_23
AP32,23,IO_L13P_23
AR32,23,IO_L13N_23
AG28,23,IO_L14P_23
AG27,23,IO_L14N_VREF_23
AR33,23,IO_L15P_23
AT32,23,IO_L15N_23
AK27,23,IO_L16P_23
AJ27,23,IO_L16N_23
AU33,23,IO_L17P_23
AU32,23,IO_L17N_23
AJ26,23,IO_L18P_23
AH26,23,IO_L18N_23
AV33,23,IO_L19P_23
AW33,23,IO_L19N_23
AE30,24,IO_L0P_GC_24
AF30,24,IO_L0N_GC_24
W30,24,IO_L1P_GC_24
V30,24,IO_L1N_GC_24
AG32,24,IO_L2P_D15_24
AF31,24,IO_L2N_D14_24
T30,24,IO_L3P_D13_24
R30,24,IO_L3N_D12_24
AH31,24,IO_L4P_D11_24
AG31,24,IO_L4N_VREF_D10_24
N33,24,IO_L5P_D9_24
P33,24,IO_L5N_D8_24
AJ33,24,IO_L6P_D7_24
AH33,24,IO_L6N_D6_24
P32,24,IO_L7P_D5_24
R33,24,IO_L7N_D4_24
AK33,24,IO_L8P_SRCC_24
AJ32,24,IO_L8N_SRCC_24
Y30,24,IO_L9P_MRCC_24
AA30,24,IO_L9N_MRCC_24
AA31,24,IO_L10P_MRCC_24
AB31,24,IO_L10N_MRCC_24
R32,24,IO_L11P_SRCC_24
T32,24,IO_L11N_SRCC_24
AK32,24,IO_L12P_D3_24
AL32,24,IO_L12N_D2_FS2_24
T31,24,IO_L13P_D1_FS1_24
U31,24,IO_L13N_D0_FS0_24
AH30,24,IO_L14P_FCS_B_24
AJ30,24,IO_L14N_VREF_FOE_B_MOSI_24
V31,24,IO_L15P_FWE_B_24
W31,24,IO_L15N_RS1_24
AJ31,24,IO_L16P_RS0_24
AK30,24,IO_L16N_CSO_B_24
AC31,24,IO_L17P_VRN_24
AC30,24,IO_L17N_VRP_24
AH29,24,IO_L18P_24
AG29,24,IO_L18N_24
AD31,24,IO_L19P_24
AD30,24,IO_L19N_24
K33,25,IO_L0P_25
K32,25,IO_L0N_25
N28,25,IO_L1P_25
P28,25,IO_L1N_25
K35,25,IO_L2P_25
K34,25,IO_L2N_25
L31,25,IO_L3P_25
L32,25,IO_L3N_25
J37,25,IO_L4P_25
J36,25,IO_L4N_VREF_25
N29,25,IO_L5P_25
N30,25,IO_L5N_25
H39,25,IO_L6P_25
H38,25,IO_L6N_25
L35,25,IO_L7P_25
L36,25,IO_L7N_25
K38,25,IO_L8P_SRCC_25
J38,25,IO_L8N_SRCC_25
P27,25,IO_L9P_MRCC_25
R27,25,IO_L9N_MRCC_25
R28,25,IO_L10P_MRCC_25
R29,25,IO_L10N_MRCC_25
K37,25,IO_L11P_SRCC_25
L37,25,IO_L11N_SRCC_25
H40,25,IO_L12P_25
H41,25,IO_L12N_25
L34,25,IO_L13P_25
M34,25,IO_L13N_25
J40,25,IO_L14P_25
J41,25,IO_L14N_VREF_25
M33,25,IO_L15P_25
M32,25,IO_L15N_25
K39,25,IO_L16P_VRN_25
K40,25,IO_L16N_VRP_25
M31,25,IO_L17P_25
N31,25,IO_L17N_25
J42,25,IO_L18P_GC_25
K42,25,IO_L18N_GC_25
P30,25,IO_L19P_GC_25
P31,25,IO_L19N_GC_25
H36,26,IO_L0P_26
G36,26,IO_L0N_26
B37,26,IO_L1P_26
A37,26,IO_L1N_26
J35,26,IO_L2P_26
H35,26,IO_L2N_26
B38,26,IO_L3P_26
A39,26,IO_L3N_26
F37,26,IO_L4P_26
E37,26,IO_L4N_VREF_26
B39,26,IO_L5P_26
C39,26,IO_L5N_26
D38,26,IO_L6P_26
C38,26,IO_L6N_26
A40,26,IO_L7P_26
A41,26,IO_L7N_26
E39,26,IO_L8P_SRCC_26
E38,26,IO_L8N_SRCC_26
G34,26,IO_L9P_MRCC_26
H34,26,IO_L9N_MRCC_26
F35,26,IO_L10P_MRCC_26
F36,26,IO_L10N_MRCC_26
B41,26,IO_L11P_SRCC_26
B42,26,IO_L11N_SRCC_26
F39,26,IO_L12P_VRN_26
G39,26,IO_L12N_VRP_26
C40,26,IO_L13P_26
C41,26,IO_L13N_26
G37,26,IO_L14P_26
G38,26,IO_L14N_VREF_26
D42,26,IO_L15P_26
D41,26,IO_L15N_26
F40,26,IO_L16P_26
F41,26,IO_L16N_26
D40,26,IO_L17P_26
E40,26,IO_L17N_26
G41,26,IO_L18P_26
G42,26,IO_L18N_26
E42,26,IO_L19P_26
F42,26,IO_L19N_26
E32,27,IO_L0P_27
D32,27,IO_L0N_27
A32,27,IO_L1P_27
B32,27,IO_L1N_27
F32,27,IO_L2P_27
F31,27,IO_L2N_27
B33,27,IO_L3P_27
C33,27,IO_L3N_27
E35,27,IO_L4P_27
D35,27,IO_L4N_VREF_27
A34,27,IO_L5P_27
A35,27,IO_L5N_27
H31,27,IO_L6P_27
G31,27,IO_L6N_27
B34,27,IO_L7P_27
C34,27,IO_L7N_27
G33,27,IO_L8P_SRCC_27
G32,27,IO_L8N_SRCC_27
L29,27,IO_L9P_MRCC_27
L30,27,IO_L9N_MRCC_27
M28,27,IO_L10P_MRCC_27
M29,27,IO_L10N_MRCC_27
D33,27,IO_L11P_SRCC_27
E33,27,IO_L11N_SRCC_27
H33,27,IO_L12P_VRN_27
J33,27,IO_L12N_VRP_27
A36,27,IO_L13P_27
B36,27,IO_L13N_27
J32,27,IO_L14P_27
J31,27,IO_L14N_VREF_27
C35,27,IO_L15P_27
C36,27,IO_L15N_27
H30,27,IO_L16P_27
J30,27,IO_L16N_27
E34,27,IO_L17P_27
F34,27,IO_L17N_27
K29,27,IO_L18P_27
K30,27,IO_L18N_27
D36,27,IO_L19P_27
D37,27,IO_L19N_27
J27,28,IO_L0P_28
J26,28,IO_L0N_28
D28,28,IO_L1P_28
E29,28,IO_L1N_28
G28,28,IO_L2P_28
G27,28,IO_L2N_28
E30,28,IO_L3P_28
F30,28,IO_L3N_28
G29,28,IO_L4P_28
F29,28,IO_L4N_VREF_28
C31,28,IO_L5P_28
D31,28,IO_L5N_28
R23,28,IO_L6P_28
P23,28,IO_L6N_28
C30,28,IO_L7P_28
D30,28,IO_L7N_28
R25,28,IO_L8P_SRCC_28
P25,28,IO_L8N_SRCC_28
L26,28,IO_L9P_MRCC_28
L25,28,IO_L9N_MRCC_28
N24,28,IO_L10P_MRCC_28
N25,28,IO_L10N_MRCC_28
F27,28,IO_L11P_SRCC_28
E28,28,IO_L11N_SRCC_28
P26,28,IO_L12P_VRN_28
N26,28,IO_L12N_VRP_28
A31,28,IO_L13P_28
B31,28,IO_L13N_28
H28,28,IO_L14P_28
H29,28,IO_L14N_VREF_28
B29,28,IO_L15P_28
C29,28,IO_L15N_28
J28,28,IO_L16P_28
K28,28,IO_L16N_28
A29,28,IO_L17P_28
A30,28,IO_L17N_28
L27,28,IO_L18P_28
K27,28,IO_L18N_28
M26,28,IO_L19P_28
M27,28,IO_L19N_28
AY24,32,IO_L0P_32
BA24,32,IO_L0N_32
AL19,32,IO_L1P_32
AM19,32,IO_L1N_32
AV23,32,IO_L2P_32
AU22,32,IO_L2N_32
AT20,32,IO_L3P_32
AR20,32,IO_L3N_32
AW23,32,IO_L4P_32
AY23,32,IO_L4N_VREF_32
AL20,32,IO_L5P_32
AL21,32,IO_L5N_32
BB24,32,IO_L6P_32
BB23,32,IO_L6N_32
AN20,32,IO_L7P_32
AP20,32,IO_L7N_32
AY20,32,IO_L8P_SRCC_32
BA20,32,IO_L8N_SRCC_32
AJ21,32,IO_L9P_MRCC_32
AJ20,32,IO_L9N_MRCC_32
AK20,32,IO_L10P_MRCC_32
AK19,32,IO_L10N_MRCC_32
AM21,32,IO_L11P_SRCC_32
AN21,32,IO_L11N_SRCC_32
AV21,32,IO_L12P_VRN_32
AW21,32,IO_L12N_VRP_32
AV20,32,IO_L13P_32
AW20,32,IO_L13N_32
BA22,32,IO_L14P_32
BA21,32,IO_L14N_VREF_32
AU21,32,IO_L15P_32
AT21,32,IO_L15N_32
AW22,32,IO_L16P_32
AY22,32,IO_L16N_32
AT22,32,IO_L17P_32
AR22,32,IO_L17N_32
BB22,32,IO_L18P_32
BB21,32,IO_L18N_32
AP21,32,IO_L19P_32
AP22,32,IO_L19N_32
AL15,33,IO_L0P_33
AL14,33,IO_L0N_33
AR17,33,IO_L1P_33
AR18,33,IO_L1N_33
AN15,33,IO_L2P_33
AM14,33,IO_L2N_33
AT16,33,IO_L3P_33
AU17,33,IO_L3N_33
AL17,33,IO_L4P_33
AL16,33,IO_L4N_VREF_33
AT17,33,IO_L5P_33
AU18,33,IO_L5N_33
AJ17,33,IO_L6P_33
AK17,33,IO_L6N_33
AY18,33,IO_L7P_33
AW18,33,IO_L7N_33
AN16,33,IO_L8P_SRCC_33
AM16,33,IO_L8N_SRCC_33
AK15,33,IO_L9P_MRCC_33
AK14,33,IO_L9N_MRCC_33
AJ16,33,IO_L10P_MRCC_33
AJ15,33,IO_L10N_MRCC_33
AP18,33,IO_L11P_SRCC_33
AR19,33,IO_L11N_SRCC_33
AP16,33,IO_L12P_VRN_33
AP17,33,IO_L12N_VRP_33
AV18,33,IO_L13P_33
AV19,33,IO_L13N_33
AM17,33,IO_L14P_33
AM18,33,IO_L14N_VREF_33
BB18,33,IO_L15P_33
BB19,33,IO_L15N_33
AN18,33,IO_L16P_33
AN19,33,IO_L16N_33
BA19,33,IO_L17P_33
AY19,33,IO_L17N_33
AK18,33,IO_L18P_33
AJ18,33,IO_L18N_33
AU19,33,IO_L19P_33
AT19,33,IO_L19N_33
AY14,34,IO_L0P_GC_34
AY13,34,IO_L0N_GC_34
AP11,34,IO_L1P_GC_34
AP12,34,IO_L1N_GC_34
BA15,34,IO_L2P_A15_D31_34
BA14,34,IO_L2N_A14_D30_34
AR12,34,IO_L3P_A13_D29_34
AT12,34,IO_L3N_A12_D28_34
AV15,34,IO_L4P_A11_D27_34
AU14,34,IO_L4N_VREF_A10_D26_34
AP13,34,IO_L5P_A09_D25_34
AR13,34,IO_L5N_A08_D24_34
AY15,34,IO_L6P_A07_D23_34
AW15,34,IO_L6N_A06_D22_34
AU12,34,IO_L7P_A05_D21_34
AU13,34,IO_L7N_A04_D20_34
AV16,34,IO_L8P_SRCC_34
AW16,34,IO_L8N_SRCC_34
AM13,34,IO_L9P_MRCC_34
AM12,34,IO_L9N_MRCC_34
AN14,34,IO_L10P_MRCC_34
AN13,34,IO_L10N_MRCC_34
AV13,34,IO_L11P_SRCC_34
AV14,34,IO_L11N_SRCC_34
BB13,34,IO_L12P_A03_D19_34
BB14,34,IO_L12N_A02_D18_34
AW12,34,IO_L13P_A01_D17_34
AW13,34,IO_L13N_A00_D16_34
BA16,34,IO_L14P_A25_34
BA17,34,IO_L14N_VREF_A24_34
AR14,34,IO_L15P_A23_34
AT14,34,IO_L15N_A22_34
BB16,34,IO_L16P_A21_34
BB17,34,IO_L16N_A20_34
AP15,34,IO_L17P_A19_34
AR15,34,IO_L17N_A18_34
AY17,34,IO_L18P_A17_34
AW17,34,IO_L18N_A16_34
AT15,34,IO_L19P_VRN_34
AU16,34,IO_L19N_VRP_34
F12,35,IO_L0P_35
E12,35,IO_L0N_35
A16,35,IO_L1P_35
B16,35,IO_L1N_35
H15,35,IO_L2P_SM0P_35
G14,35,IO_L2N_SM0N_35
D16,35,IO_L3P_SM1P_35
C16,35,IO_L3N_SM1N_35
H14,35,IO_L4P_35
G13,35,IO_L4N_VREF_35
A15,35,IO_L5P_SM2P_35
A14,35,IO_L5N_SM2N_35
H13,35,IO_L6P_SM3P_35
G12,35,IO_L6N_SM3N_35
C15,35,IO_L7P_SM4P_35
D15,35,IO_L7N_SM4N_35
J12,35,IO_L8P_SRCC_35
J11,35,IO_L8N_SRCC_35
M14,35,IO_L9P_MRCC_35
N14,35,IO_L9N_MRCC_35
M13,35,IO_L10P_MRCC_35
N13,35,IO_L10N_MRCC_35
E15,35,IO_L11P_SRCC_35
F15,35,IO_L11N_SRCC_35
J13,35,IO_L12P_SM5P_35
K13,35,IO_L12N_SM5N_35
B14,35,IO_L13P_SM6P_35
C14,35,IO_L13N_SM6N_35
K14,35,IO_L14P_35
L14,35,IO_L14N_VREF_35
C13,35,IO_L15P_SM7P_35
D12,35,IO_L15N_SM7N_35
K12,35,IO_L16P_VRN_35
L11,35,IO_L16N_VRP_35
D13,35,IO_L17P_35
E13,35,IO_L17N_35
L12,35,IO_L18P_GC_35
M12,35,IO_L18N_GC_35
E14,35,IO_L19P_GC_35
F14,35,IO_L19N_GC_35
K18,36,IO_L0P_36
J18,36,IO_L0N_36
H18,36,IO_L1P_36
G18,36,IO_L1N_36
G16,36,IO_L2P_36
F16,36,IO_L2N_36
G19,36,IO_L3P_36
F19,36,IO_L3N_36
J16,36,IO_L4P_36
H16,36,IO_L4N_VREF_36
E19,36,IO_L5P_36
E18,36,IO_L5N_36
K17,36,IO_L6P_36
J17,36,IO_L6N_36
C19,36,IO_L7P_36
B19,36,IO_L7N_36
M18,36,IO_L8P_SRCC_36
N18,36,IO_L8N_SRCC_36
P18,36,IO_L9P_MRCC_36
P17,36,IO_L9N_MRCC_36
N16,36,IO_L10P_MRCC_36
P16,36,IO_L10N_MRCC_36
F17,36,IO_L11P_SRCC_36
G17,36,IO_L11N_SRCC_36
L17,36,IO_L12P_VRN_36
M17,36,IO_L12N_VRP_36
D18,36,IO_L13P_36
C18,36,IO_L13N_36
J15,36,IO_L14P_36
K15,36,IO_L14N_VREF_36
B18,36,IO_L15P_36
A19,36,IO_L15N_36
L16,36,IO_L16P_36
L15,36,IO_L16N_36
A17,36,IO_L17P_36
B17,36,IO_L17N_36
M16,36,IO_L18P_36
N15,36,IO_L18N_36
D17,36,IO_L19P_36
E17,36,IO_L19N_36
G23,37,IO_L0P_37
H23,37,IO_L0N_37
B24,37,IO_L1P_37
A24,37,IO_L1N_37
G22,37,IO_L2P_37
F22,37,IO_L2N_37
C24,37,IO_L3P_37
C23,37,IO_L3N_37
F21,37,IO_L4P_37
E22,37,IO_L4N_VREF_37
B23,37,IO_L5P_37
B22,37,IO_L5N_37
H21,37,IO_L6P_37
J21,37,IO_L6N_37
E24,37,IO_L7P_37
E23,37,IO_L7N_37
H20,37,IO_L8P_SRCC_37
G21,37,IO_L8N_SRCC_37
L22,37,IO_L9P_MRCC_37
L21,37,IO_L9N_MRCC_37
J22,37,IO_L10P_MRCC_37
K22,37,IO_L10N_MRCC_37
D23,37,IO_L11P_SRCC_37
D22,37,IO_L11N_SRCC_37
E20,37,IO_L12P_VRN_37
F20,37,IO_L12N_VRP_37
A22,37,IO_L13P_37
A21,37,IO_L13N_37
J20,37,IO_L14P_37
H19,37,IO_L14N_VREF_37
B21,37,IO_L15P_37
A20,37,IO_L15N_37
K20,37,IO_L16P_37
L20,37,IO_L16N_37
C21,37,IO_L17P_37
D21,37,IO_L17N_37
K19,37,IO_L18P_37
L19,37,IO_L18N_37
C20,37,IO_L19P_37
D20,37,IO_L19N_37
H24,38,IO_L0P_38
G24,38,IO_L0N_38
E27,38,IO_L1P_38
D27,38,IO_L1N_38
F25,38,IO_L2P_38
F24,38,IO_L2N_38
C28,38,IO_L3P_38
B28,38,IO_L3N_38
H26,38,IO_L4P_38
H25,38,IO_L4N_VREF_38
G26,38,IO_L5P_38
F26,38,IO_L5N_38
K25,38,IO_L6P_38
J25,38,IO_L6N_38
B27,38,IO_L7P_38
A27,38,IO_L7N_38
J23,38,IO_L8P_SRCC_38
K23,38,IO_L8N_SRCC_38
M19,38,IO_L9P_MRCC_38
N19,38,IO_L9N_MRCC_38
N21,38,IO_L10P_MRCC_38
M21,38,IO_L10N_MRCC_38
A26,38,IO_L11P_SRCC_38
A25,38,IO_L11N_SRCC_38
L24,38,IO_L12P_VRN_38
K24,38,IO_L12N_VRP_38
C26,38,IO_L13P_38
D26,38,IO_L13N_38
M22,38,IO_L14P_38
M23,38,IO_L14N_VREF_38
B26,38,IO_L15P_38
C25,38,IO_L15N_38
N23,38,IO_L16P_38
M24,38,IO_L16N_38
D25,38,IO_L17P_38
E25,38,IO_L17N_38
P21,38,IO_L18P_38
P22,38,IO_L18N_38
P20,38,IO_L19P_38
N20,38,IO_L19N_38
AW10,110,MGTREFCLK1P_110
AW9,110,MGTREFCLK1N_110
BA10,110,MGTREFCLK0P_110
BA9,110,MGTREFCLK0N_110
AW2,110,MGTTXN3_110
AW6,110,MGTRXN3_110
AW1,110,MGTTXP3_110
AW5,110,MGTRXP3_110
AY4,110,MGTTXN2_110
AY8,110,MGTRXN2_110
AY3,110,MGTTXP2_110
AY7,110,MGTRXP2_110
BA2,110,MGTTXN1_110
BA6,110,MGTRXN1_110
BA1,110,MGTTXP1_110
BA5,110,MGTRXP1_110
BB4,110,MGTTXN0_110
BB8,110,MGTRXN0_110
BB3,110,MGTTXP0_110
BB7,110,MGTRXP0_110
AT8,111,MGTREFCLK1P_111
AT7,111,MGTREFCLK1N_111
AU10,111,MGTREFCLK0P_111
AU9,111,MGTREFCLK0N_111
AR2,111,MGTTXN3_111
AP8,111,MGTRXN3_111
AR1,111,MGTTXP3_111
AP7,111,MGTRXP3_111
AT4,111,MGTTXN2_111
AR6,111,MGTRXN2_111
AT3,111,MGTTXP2_111
AR5,111,MGTRXP2_111
AU2,111,MGTTXN1_111
AU6,111,MGTRXN1_111
AU1,111,MGTTXP1_111
AU5,111,MGTRXP1_111
AV4,111,MGTTXN0_111
AV8,111,MGTRXN0_111
AV3,111,MGTTXP0_111
AV7,111,MGTRXP0_111
AH8,112,MGTREFCLK1P_112
AH7,112,MGTREFCLK1N_112
AK8,112,MGTREFCLK0P_112
AK7,112,MGTREFCLK0N_112
AL2,112,MGTTXN3_112
AJ6,112,MGTRXN3_112
AL1,112,MGTTXP3_112
AJ5,112,MGTRXP3_112
AM4,112,MGTTXN2_112
AL6,112,MGTRXN2_112
AM3,112,MGTTXP2_112
AL5,112,MGTRXP2_112
AN2,112,MGTTXN1_112
AM8,112,MGTRXN1_112
AN1,112,MGTTXP1_112
AM7,112,MGTRXP1_112
AP4,112,MGTTXN0_112
AN6,112,MGTRXN0_112
AP3,112,MGTTXP0_112
AN5,112,MGTRXP0_112
AD8,113,MGTREFCLK1P_113
AD7,113,MGTREFCLK1N_113
AF8,113,MGTREFCLK0P_113
AF7,113,MGTREFCLK0N_113
AG2,113,MGTTXN3_113
AD4,113,MGTRXN3_113
AG1,113,MGTTXP3_113
AD3,113,MGTRXP3_113
AH4,113,MGTTXN2_113
AE6,113,MGTRXN2_113
AH3,113,MGTTXP2_113
AE5,113,MGTRXP2_113
AJ2,113,MGTTXN1_113
AF4,113,MGTRXN1_113
AJ1,113,MGTTXP1_113
AF3,113,MGTRXP1_113
AK4,113,MGTTXN0_113
AG6,113,MGTRXN0_113
AK3,113,MGTTXP0_113
AG5,113,MGTRXP0_113
Y8,114,MGTREFCLK1P_114
Y7,114,MGTREFCLK1N_114
AB8,114,MGTREFCLK0P_114
AB7,114,MGTREFCLK0N_114
W2,114,MGTTXN3_114
Y4,114,MGTRXN3_114
W1,114,MGTTXP3_114
Y3,114,MGTRXP3_114
AA2,114,MGTTXN2_114
AA6,114,MGTRXN2_114
AA1,114,MGTTXP2_114
AA5,114,MGTRXP2_114
AC2,114,MGTTXN1_114
AB4,114,MGTRXN1_114
AC1,114,MGTTXP1_114
AB3,114,MGTRXP1_114
AE2,114,MGTTXN0_114
AC6,114,MGTRXN0_114
AE1,114,MGTTXP0_114
AC5,114,MGTRXP0_114
A12,115,MGTAVTTRCAL_115
B11,115,MGTRREF_115
V8,115,MGTREFCLK0P_115
V7,115,MGTREFCLK0N_115
T8,115,MGTREFCLK1P_115
T7,115,MGTREFCLK1N_115
P4,115,MGTTXN3_115
R6,115,MGTRXN3_115
P3,115,MGTTXP3_115
R5,115,MGTRXP3_115
R2,115,MGTTXN2_115
U6,115,MGTRXN2_115
R1,115,MGTTXP2_115
U5,115,MGTRXP2_115
T4,115,MGTTXN1_115
V4,115,MGTRXN1_115
T3,115,MGTTXP1_115
V3,115,MGTRXP1_115
U2,115,MGTTXN0_115
W6,115,MGTRXN0_115
U1,115,MGTTXP0_115
W5,115,MGTRXP0_115
K8,116,MGTREFCLK1P_116
K7,116,MGTREFCLK1N_116
M8,116,MGTREFCLK0P_116
M7,116,MGTREFCLK0N_116
K4,116,MGTTXN3_116
J6,116,MGTRXN3_116
K3,116,MGTTXP3_116
J5,116,MGTRXP3_116
L2,116,MGTTXN2_116
L6,116,MGTRXN2_116
L1,116,MGTTXP2_116
L5,116,MGTRXP2_116
M4,116,MGTTXN1_116
N6,116,MGTRXN1_116
M3,116,MGTTXP1_116
N5,116,MGTRXP1_116
N2,116,MGTTXN0_116
P8,116,MGTRXN0_116
N1,116,MGTTXP0_116
P7,116,MGTRXP0_116
E10,117,MGTREFCLK1P_117
E9,117,MGTREFCLK1N_117
G10,117,MGTREFCLK0P_117
G9,117,MGTREFCLK0N_117
F4,117,MGTTXN3_117
E6,117,MGTRXN3_117
F3,117,MGTTXP3_117
E5,117,MGTRXP3_117
G2,117,MGTTXN2_117
F8,117,MGTRXN2_117
G1,117,MGTTXP2_117
F7,117,MGTRXP2_117
H4,117,MGTTXN1_117
G6,117,MGTRXN1_117
H3,117,MGTTXP1_117
G5,117,MGTRXP1_117
J2,117,MGTTXN0_117
H8,117,MGTRXN0_117
J1,117,MGTTXP0_117
H7,117,MGTRXP0_117
A10,118,MGTREFCLK1P_118
A9,118,MGTREFCLK1N_118
C10,118,MGTREFCLK0P_118
C9,118,MGTREFCLK0N_118
B4,118,MGTTXN3_118
A6,118,MGTRXN3_118
B3,118,MGTTXP3_118
A5,118,MGTRXP3_118
C2,118,MGTTXN2_118
B8,118,MGTRXN2_118
C1,118,MGTTXP2_118
B7,118,MGTRXP2_118
D4,118,MGTTXN1_118
C6,118,MGTRXN1_118
D3,118,MGTTXP1_118
C5,118,MGTRXP1_118
E2,118,MGTTXN0_118
D8,118,MGTRXN0_118
E1,118,MGTTXP0_118
D7,118,MGTRXP0_118
A2,GND,GND
A3,GND,GND
A4,GND,GND
A7,GND,GND
A8,GND,GND
A11,GND,GND
A13,GND,GND
A18,GND,GND
A28,GND,GND
A38,GND,GND
AA3,GND,GND
AA7,GND,GND
AA9,GND,GND
AA11,GND,GND
AA13,GND,GND
AA15,GND,GND
AA17,GND,GND
AA19,GND,GND
AA23,GND,GND
AA25,GND,GND
AA27,GND,GND
AA29,GND,GND
AA38,GND,GND
AB1,GND,GND
AB2,GND,GND
AB5,GND,GND
AB6,GND,GND
AB9,GND,GND
AB10,GND,GND
AB12,GND,GND
AB14,GND,GND
AB16,GND,GND
AB18,GND,GND
AB20,GND,GND
AB24,GND,GND
AB26,GND,GND
AB28,GND,GND
AB35,GND,GND
AC3,GND,GND
AC7,GND,GND
AC9,GND,GND
AC11,GND,GND
AC13,GND,GND
AC15,GND,GND
AC17,GND,GND
AC19,GND,GND
AC23,GND,GND
AC25,GND,GND
AC27,GND,GND
AC29,GND,GND
AC32,GND,GND
AC42,GND,GND
AD1,GND,GND
AD2,GND,GND
AD5,GND,GND
AD6,GND,GND
AD9,GND,GND
AD10,GND,GND
AD12,GND,GND
AD14,GND,GND
AD16,GND,GND
AD18,GND,GND
AD20,GND,GND
AD22,GND,GND
AD24,GND,GND
AD26,GND,GND
AD28,GND,GND
AD39,GND,GND
AE3,GND,GND
AE7,GND,GND
AE9,GND,GND
AE11,GND,GND
AE13,GND,GND
AE15,GND,GND
AE17,GND,GND
AE19,GND,GND
AE21,GND,GND
AE23,GND,GND
AE25,GND,GND
AE27,GND,GND
AE29,GND,GND
AE36,GND,GND
AF1,GND,GND
AF2,GND,GND
AF5,GND,GND
AF6,GND,GND
AF9,GND,GND
AF10,GND,GND
AF11,GND,GND
AF12,GND,GND
AF14,GND,GND
AF16,GND,GND
AF18,GND,GND
AF20,GND,GND
AF22,GND,GND
AF24,GND,GND
AF26,GND,GND
AF28,GND,GND
AF33,GND,GND
AG3,GND,GND
AG4,GND,GND
AG7,GND,GND
AG8,GND,GND
AG9,GND,GND
AG10,GND,GND
AG11,GND,GND
AG13,GND,GND
AG15,GND,GND
AG17,GND,GND
AG19,GND,GND
AG21,GND,GND
AG23,GND,GND
AG30,GND,GND
AG40,GND,GND
AH1,GND,GND
AH2,GND,GND
AH5,GND,GND
AH6,GND,GND
AH9,GND,GND
AH11,GND,GND
AH12,GND,GND
AH14,GND,GND
AH16,GND,GND
AH17,GND,GND
AH18,GND,GND
AH20,GND,GND
AH27,GND,GND
AH37,GND,GND
AJ3,GND,GND
AJ7,GND,GND
AJ9,GND,GND
AJ11,GND,GND
AJ12,GND,GND
AJ13,GND,GND
AJ14,GND,GND
AJ24,GND,GND
AJ34,GND,GND
AK1,GND,GND
AK2,GND,GND
AK5,GND,GND
AK6,GND,GND
AK9,GND,GND
AK11,GND,GND
AK12,GND,GND
AK13,GND,GND
AK21,GND,GND
AK31,GND,GND
AK41,GND,GND
AL3,GND,GND
AL7,GND,GND
AL9,GND,GND
AL12,GND,GND
AL18,GND,GND
AL28,GND,GND
AL38,GND,GND
AM1,GND,GND
AM2,GND,GND
AM5,GND,GND
AM9,GND,GND
AM10,GND,GND
AM15,GND,GND
AM25,GND,GND
AM35,GND,GND
AN3,GND,GND
AN7,GND,GND
AN9,GND,GND
AN12,GND,GND
AN22,GND,GND
AN32,GND,GND
AN42,GND,GND
AP1,GND,GND
AP2,GND,GND
AP5,GND,GND
AP9,GND,GND
AP19,GND,GND
AP29,GND,GND
AP39,GND,GND
AR3,GND,GND
AR7,GND,GND
AR9,GND,GND
AR16,GND,GND
AR26,GND,GND
AR36,GND,GND
AT1,GND,GND
AT2,GND,GND
AT5,GND,GND
AT6,GND,GND
AT9,GND,GND
AT10,GND,GND
AT11,GND,GND
AT13,GND,GND
AT23,GND,GND
AT33,GND,GND
AU3,GND,GND
AU7,GND,GND
AU11,GND,GND
AU20,GND,GND
AU30,GND,GND
AU40,GND,GND
AV1,GND,GND
AV2,GND,GND
AV5,GND,GND
AV9,GND,GND
AV10,GND,GND
AV11,GND,GND
AV17,GND,GND
AV27,GND,GND
AV37,GND,GND
AW3,GND,GND
AW7,GND,GND
AW11,GND,GND
AW14,GND,GND
AW24,GND,GND
AW34,GND,GND
AY1,GND,GND
AY2,GND,GND
AY5,GND,GND
AY9,GND,GND
AY10,GND,GND
AY11,GND,GND
AY12,GND,GND
AY21,GND,GND
AY31,GND,GND
AY41,GND,GND
B1,GND,GND
B2,GND,GND
B5,GND,GND
B9,GND,GND
B10,GND,GND
B12,GND,GND
B13,GND,GND
B15,GND,GND
B25,GND,GND
B35,GND,GND
BA3,GND,GND
BA7,GND,GND
BA11,GND,GND
BA12,GND,GND
BA18,GND,GND
BA28,GND,GND
BA38,GND,GND
BB2,GND,GND
BB5,GND,GND
BB6,GND,GND
BB9,GND,GND
BB10,GND,GND
BB11,GND,GND
BB12,GND,GND
BB15,GND,GND
BB25,GND,GND
BB35,GND,GND
C3,GND,GND
C7,GND,GND
C11,GND,GND
C12,GND,GND
C22,GND,GND
C32,GND,GND
C42,GND,GND
D1,GND,GND
D2,GND,GND
D5,GND,GND
D9,GND,GND
D10,GND,GND
D11,GND,GND
D19,GND,GND
D29,GND,GND
D39,GND,GND
E3,GND,GND
E7,GND,GND
E11,GND,GND
E16,GND,GND
E26,GND,GND
E36,GND,GND
F1,GND,GND
F2,GND,GND
F5,GND,GND
F9,GND,GND
F10,GND,GND
F11,GND,GND
F13,GND,GND
F23,GND,GND
F33,GND,GND
G3,GND,GND
G7,GND,GND
G11,GND,GND
G20,GND,GND
G30,GND,GND
G40,GND,GND
H1,GND,GND
H2,GND,GND
H5,GND,GND
H9,GND,GND
H10,GND,GND
H11,GND,GND
H17,GND,GND
H27,GND,GND
H37,GND,GND
J3,GND,GND
J7,GND,GND
J9,GND,GND
J14,GND,GND
J24,GND,GND
J34,GND,GND
K1,GND,GND
K2,GND,GND
K5,GND,GND
K6,GND,GND
K9,GND,GND
K11,GND,GND
K21,GND,GND
K31,GND,GND
K41,GND,GND
L3,GND,GND
L7,GND,GND
L9,GND,GND
L18,GND,GND
L28,GND,GND
L38,GND,GND
M1,GND,GND
M2,GND,GND
M5,GND,GND
M6,GND,GND
M9,GND,GND
M15,GND,GND
M25,GND,GND
M35,GND,GND
N3,GND,GND
N7,GND,GND
N9,GND,GND
N12,GND,GND
N22,GND,GND
N32,GND,GND
N42,GND,GND
P1,GND,GND
P2,GND,GND
P5,GND,GND
P9,GND,GND
P11,GND,GND
P12,GND,GND
P19,GND,GND
P29,GND,GND
P39,GND,GND
R3,GND,GND
R7,GND,GND
R9,GND,GND
R13,GND,GND
R15,GND,GND
R16,GND,GND
R17,GND,GND
R19,GND,GND
R26,GND,GND
R36,GND,GND
T1,GND,GND
T2,GND,GND
T5,GND,GND
T6,GND,GND
T9,GND,GND
T11,GND,GND
T12,GND,GND
T14,GND,GND
T16,GND,GND
T18,GND,GND
T20,GND,GND
T22,GND,GND
T24,GND,GND
T26,GND,GND
T33,GND,GND
U3,GND,GND
U4,GND,GND
U7,GND,GND
U8,GND,GND
U9,GND,GND
U10,GND,GND
U11,GND,GND
U13,GND,GND
U15,GND,GND
U17,GND,GND
U19,GND,GND
U21,GND,GND
U23,GND,GND
U25,GND,GND
U27,GND,GND
U29,GND,GND
U30,GND,GND
U40,GND,GND
V1,GND,GND
V2,GND,GND
V5,GND,GND
V6,GND,GND
V9,GND,GND
V10,GND,GND
V12,GND,GND
V14,GND,GND
V16,GND,GND
V18,GND,GND
V20,GND,GND
V22,GND,GND
V24,GND,GND
V26,GND,GND
V28,GND,GND
V37,GND,GND
W3,GND,GND
W7,GND,GND
W9,GND,GND
W11,GND,GND
W13,GND,GND
W15,GND,GND
W17,GND,GND
W19,GND,GND
W21,GND,GND
W23,GND,GND
W25,GND,GND
W27,GND,GND
W34,GND,GND
Y1,GND,GND
Y2,GND,GND
Y5,GND,GND
Y6,GND,GND
Y9,GND,GND
Y10,GND,GND
Y12,GND,GND
Y14,GND,GND
Y16,GND,GND
Y18,GND,GND
Y20,GND,GND
Y24,GND,GND
Y26,GND,GND
Y28,GND,GND
Y31,GND,GND
Y41,GND,GND
AJ10,GND,GND
AA10,VCCAUX,VCCAUX
AA28,VCCAUX,VCCAUX
AB11,VCCAUX,VCCAUX
AB29,VCCAUX,VCCAUX
AC10,VCCAUX,VCCAUX
AC28,VCCAUX,VCCAUX
AD11,VCCAUX,VCCAUX
AD29,VCCAUX,VCCAUX
AE10,VCCAUX,VCCAUX
AE28,VCCAUX,VCCAUX
AF27,VCCAUX,VCCAUX
AF29,VCCAUX,VCCAUX
T29,VCCAUX,VCCAUX
U28,VCCAUX,VCCAUX
V11,VCCAUX,VCCAUX
V29,VCCAUX,VCCAUX
W10,VCCAUX,VCCAUX
W28,VCCAUX,VCCAUX
Y11,VCCAUX,VCCAUX
Y29,VCCAUX,VCCAUX
AA12,VCCINT,VCCINT
AA14,VCCINT,VCCINT
AA16,VCCINT,VCCINT
AA18,VCCINT,VCCINT
AA20,VCCINT,VCCINT
AA24,VCCINT,VCCINT
AA26,VCCINT,VCCINT
AB13,VCCINT,VCCINT
AB15,VCCINT,VCCINT
AB17,VCCINT,VCCINT
AB19,VCCINT,VCCINT
AB23,VCCINT,VCCINT
AB25,VCCINT,VCCINT
AB27,VCCINT,VCCINT
AC12,VCCINT,VCCINT
AC14,VCCINT,VCCINT
AC16,VCCINT,VCCINT
AC18,VCCINT,VCCINT
AC20,VCCINT,VCCINT
AC24,VCCINT,VCCINT
AC26,VCCINT,VCCINT
AD13,VCCINT,VCCINT
AD15,VCCINT,VCCINT
AD17,VCCINT,VCCINT
AD19,VCCINT,VCCINT
AD21,VCCINT,VCCINT
AD23,VCCINT,VCCINT
AD25,VCCINT,VCCINT
AD27,VCCINT,VCCINT
AE12,VCCINT,VCCINT
AE14,VCCINT,VCCINT
AE16,VCCINT,VCCINT
AE18,VCCINT,VCCINT
AE20,VCCINT,VCCINT
AE22,VCCINT,VCCINT
AE24,VCCINT,VCCINT
AE26,VCCINT,VCCINT
AF13,VCCINT,VCCINT
AF15,VCCINT,VCCINT
AF17,VCCINT,VCCINT
AF19,VCCINT,VCCINT
AF21,VCCINT,VCCINT
AF23,VCCINT,VCCINT
AF25,VCCINT,VCCINT
AG12,VCCINT,VCCINT
AG14,VCCINT,VCCINT
AG16,VCCINT,VCCINT
AG18,VCCINT,VCCINT
AG20,VCCINT,VCCINT
AG22,VCCINT,VCCINT
AG24,VCCINT,VCCINT
AG26,VCCINT,VCCINT
AH13,VCCINT,VCCINT
AH15,VCCINT,VCCINT
AH19,VCCINT,VCCINT
AH21,VCCINT,VCCINT
AH23,VCCINT,VCCINT
P13,VCCINT,VCCINT
P15,VCCINT,VCCINT
R12,VCCINT,VCCINT
R14,VCCINT,VCCINT
R18,VCCINT,VCCINT
R20,VCCINT,VCCINT
R22,VCCINT,VCCINT
R24,VCCINT,VCCINT
T13,VCCINT,VCCINT
T15,VCCINT,VCCINT
T17,VCCINT,VCCINT
T19,VCCINT,VCCINT
T21,VCCINT,VCCINT
T23,VCCINT,VCCINT
T25,VCCINT,VCCINT
T27,VCCINT,VCCINT
U12,VCCINT,VCCINT
U14,VCCINT,VCCINT
U16,VCCINT,VCCINT
U18,VCCINT,VCCINT
U20,VCCINT,VCCINT
U22,VCCINT,VCCINT
U24,VCCINT,VCCINT
U26,VCCINT,VCCINT
V13,VCCINT,VCCINT
V15,VCCINT,VCCINT
V17,VCCINT,VCCINT
V19,VCCINT,VCCINT
V21,VCCINT,VCCINT
V23,VCCINT,VCCINT
V25,VCCINT,VCCINT
V27,VCCINT,VCCINT
W12,VCCINT,VCCINT
W14,VCCINT,VCCINT
W16,VCCINT,VCCINT
W18,VCCINT,VCCINT
W20,VCCINT,VCCINT
W22,VCCINT,VCCINT
W24,VCCINT,VCCINT
W26,VCCINT,VCCINT
Y13,VCCINT,VCCINT
Y15,VCCINT,VCCINT
Y17,VCCINT,VCCINT
Y19,VCCINT,VCCINT
Y23,VCCINT,VCCINT
Y25,VCCINT,VCCINT
Y27,VCCINT,VCCINT
M10,0,VCCO_0
R11,0,VCCO_0
AP34,12,VCCO_12
AT38,12,VCCO_12
AU35,12,VCCO_12
AW39,12,VCCO_12
AY36,12,VCCO_12
AK36,13,VCCO_13
AN37,13,VCCO_13
AR41,13,VCCO_13
AV42,13,VCCO_13
BB40,13,VCCO_13
AF38,14,VCCO_14
AG35,14,VCCO_14
AH42,14,VCCO_14
AJ39,14,VCCO_14
AM40,14,VCCO_14
AA33,15,VCCO_15
AB40,15,VCCO_15
AC37,15,VCCO_15
AD34,15,VCCO_15
AE41,15,VCCO_15
U35,16,VCCO_16
V32,16,VCCO_16
V42,16,VCCO_16
W39,16,VCCO_16
Y36,16,VCCO_16
M40,17,VCCO_17
N37,17,VCCO_17
P34,17,VCCO_17
R41,17,VCCO_17
T38,17,VCCO_17
AH22,21,VCCO_21
AL23,21,VCCO_21
AP24,21,VCCO_21
AU25,21,VCCO_21
AY26,21,VCCO_21
AN27,22,VCCO_22
AT28,22,VCCO_22
AW29,22,VCCO_22
BA33,22,VCCO_22
BB30,22,VCCO_22
AG25,23,VCCO_23
AK26,23,VCCO_23
AL33,23,VCCO_23
AM30,23,VCCO_23
AR31,23,VCCO_23
AV32,23,VCCO_23
AB30,24,VCCO_24
AE31,24,VCCO_24
AH32,24,VCCO_24
AJ29,24,VCCO_24
R31,24,VCCO_24
W29,24,VCCO_24
H42,25,VCCO_25
J39,25,VCCO_25
K36,25,VCCO_25
L33,25,VCCO_25
M30,25,VCCO_25
T28,25,VCCO_25
B40,26,VCCO_26
C37,26,VCCO_26
E41,26,VCCO_26
F38,26,VCCO_26
G35,26,VCCO_26
A33,27,VCCO_27
D34,27,VCCO_27
E31,27,VCCO_27
H32,27,VCCO_27
J29,27,VCCO_27
B30,28,VCCO_28
F28,28,VCCO_28
K26,28,VCCO_28
N27,28,VCCO_28
P24,28,VCCO_28
AJ19,32,VCCO_32
AM20,32,VCCO_32
AR21,32,VCCO_32
AV22,32,VCCO_32
BA23,32,VCCO_32
AK16,33,VCCO_33
AL13,33,VCCO_33
AN17,33,VCCO_33
AT18,33,VCCO_33
AW19,33,VCCO_33
BB20,33,VCCO_33
AP14,34,VCCO_34
AR11,34,VCCO_34
AU15,34,VCCO_34
AV12,34,VCCO_34
AY16,34,VCCO_34
BA13,34,VCCO_34
C17,35,VCCO_35
D14,35,VCCO_35
G15,35,VCCO_35
H12,35,VCCO_35
L13,35,VCCO_35
B20,36,VCCO_36
F18,36,VCCO_36
K16,36,VCCO_36
N17,36,VCCO_36
P14,36,VCCO_36
A23,37,VCCO_37
D24,37,VCCO_37
E21,37,VCCO_37
H22,37,VCCO_37
J19,37,VCCO_37
C27,38,VCCO_38
G25,38,VCCO_38
L23,38,VCCO_38
M20,38,VCCO_38
R21,38,VCCO_38
AA8,MGTAVCC_N,MGTAVCC_N
C8,MGTAVCC_N,MGTAVCC_N
E8,MGTAVCC_N,MGTAVCC_N
G8,MGTAVCC_N,MGTAVCC_N
J8,MGTAVCC_N,MGTAVCC_N
L8,MGTAVCC_N,MGTAVCC_N
N8,MGTAVCC_N,MGTAVCC_N
R8,MGTAVCC_N,MGTAVCC_N
W8,MGTAVCC_N,MGTAVCC_N
AC8,MGTAVCC_S,MGTAVCC_S
AE8,MGTAVCC_S,MGTAVCC_S
AJ8,MGTAVCC_S,MGTAVCC_S
AL8,MGTAVCC_S,MGTAVCC_S
AN8,MGTAVCC_S,MGTAVCC_S
AR8,MGTAVCC_S,MGTAVCC_S
AU8,MGTAVCC_S,MGTAVCC_S
AW8,MGTAVCC_S,MGTAVCC_S
BA8,MGTAVCC_S,MGTAVCC_S
B6,MGTAVTT_N,MGTAVTT_N
C4,MGTAVTT_N,MGTAVTT_N
D6,MGTAVTT_N,MGTAVTT_N
E4,MGTAVTT_N,MGTAVTT_N
F6,MGTAVTT_N,MGTAVTT_N
G4,MGTAVTT_N,MGTAVTT_N
H6,MGTAVTT_N,MGTAVTT_N
J4,MGTAVTT_N,MGTAVTT_N
L4,MGTAVTT_N,MGTAVTT_N
N4,MGTAVTT_N,MGTAVTT_N
P6,MGTAVTT_N,MGTAVTT_N
R4,MGTAVTT_N,MGTAVTT_N
W4,MGTAVTT_N,MGTAVTT_N
AA4,MGTAVTT_S,MGTAVTT_S
AC4,MGTAVTT_S,MGTAVTT_S
AE4,MGTAVTT_S,MGTAVTT_S
AJ4,MGTAVTT_S,MGTAVTT_S
AL4,MGTAVTT_S,MGTAVTT_S
AM6,MGTAVTT_S,MGTAVTT_S
AN4,MGTAVTT_S,MGTAVTT_S
AP6,MGTAVTT_S,MGTAVTT_S
AR4,MGTAVTT_S,MGTAVTT_S
AU4,MGTAVTT_S,MGTAVTT_S
AV6,MGTAVTT_S,MGTAVTT_S
AW4,MGTAVTT_S,MGTAVTT_S
AY6,MGTAVTT_S,MGTAVTT_S
BA4,MGTAVTT_S,MGTAVTT_S
